msa,msa_name,sprawl_1976_92,sprawl_1992,sprawl_1976,central_empl_1977,streetcar_1902,avg_dec_popgr1920_70,sd_dec_popgr1920_70,pc_aquifer_fringe,pc_aquifer_msa,elevat_range_fringe,elevat_range_msa,ruggedness_fringe,ruggedness_msa,cooling_dd,heating_dd,pc_incorp_fringe,pc_incorp_msa,pc_transfers,rest_bars,road_density,popgr_1970_90,herfindahl_incorp,latitude,longitude,division
40,"Abilene, TX MSA",52.09,24.79,23.28,24.70458,0,35.5653,28.741,20.54499,34.12185,261,264,4.418278,4.606339,2451,2584,9.168704,9.169765,35.5,1.256988,.6713554,22.28036,.7325704,32.30146,-99.89011,7
120,"Albany, GA MSA",74.84,56.23,54.34,22.30715,0,27.36028,21.6405,96.40186,96.52885,84,84,1.774561,1.798717,2206,2205,5.897772,6.670312,37.25103,1.044651,.5391046,16.42274,.8042193,31.66139,-84.17725,5
160,"Albany-Schenectady-Troy, NY MSA",55.65,42.25,44.45,23.84989,122.0019,7.979094,3.061895,19.90095,18.19949,835,1005,13.62373,13.60385,420.429,7175.57,2.561147,4.014767,47.76989,1.545089,1.137971,7.336803,.0936055,42.80273,-74.0042,2
200,"Albuquerque, NM MSA",58.33,30.59,29.90,23.1497,0,49.1729,18.09207,0,0,1840,1966,13.61747,14.1476,546,6062.29,2.267751,2.242239,50.85794,1.742012,.2605302,72.77329,.5818216,35.39084,-106.8175,8
220,"Alexandria, LA MSA",52.71,44.31,48.47,23.28644,0,14.92672,7.030152,0,0,82,82,1.783099,1.814687,2414,2064,2.398082,3.980357,60.8,1.007808,.9086836,11.41449,.1951425,31.19859,-92.53326,7
240,"Allentown-Bethlehem-Easton, PA MSA",69.24,47.95,47.18,23.84939,0,7.456475,3.617583,96.38007,94.00258,543,606,13.15718,12.78078,742.5,5812.5,8.508287,11.12623,28.60855,1.351286,1.582759,14.38476,.0941279,40.76728,-75.53641,2
280,"Altoona, PA MSA",71.91,49.21,49.82,23.17057,0,1.1464,3.970947,100,100,628,628,25.27276,24.79869,582,6140,1.034738,2.86533,39.1,1.374154,.7311901,-3.556547,.37375,40.48126,-78.34866,2
320,"Amarillo, TX MSA",61.73,29.95,30.08,23.73009,0,57.26033,57.55969,0,0,293,375,4.467643,4.913429,1402,4005,4.858549,5.065898,27.47281,2.084545,.3954025,29.88379,.8474122,35.18408,-101.8955,7
450,"Anniston, AL MSA",73.80,63.75,63.30,21.61929,0,16.76613,6.110151,100,100,469,476,12.59264,12.32342,1593,3137.83,7.328145,8.421053,46.2,.9797074,.9367874,12.55384,.2160467,33.77142,-85.82603,6
460,"Appleton-Oshkosh-Neenah, WI MSA",59.56,39.06,39.14,22.48138,0,15.33675,4.70238,77.54969,71.15371,137,137,2.35784,2.102461,506,7826.67,3.924731,8.386039,44.11843,1.906888,1.448256,13.80688,.1387129,44.21058,-88.46857,3
480,"Asheville, NC MSA",72.83,57.69,58.09,22.7021,0,14.55578,13.34749,100,100,1444,1490,37.8693,40.38081,822,4311.67,3.529412,4.68056,53.74038,1.229363,.9386893,19.07065,.3275081,35.71161,-82.60156,5
500,"Athens, GA MSA",72.11,58.55,55.21,23.0687,0,10.36454,16.65696,100,100,190,190,6.717501,6.75165,1709,2893,3.840782,5.728835,39.23313,1.385537,1.040009,45.78392,.2728395,34.00008,-83.31284,5
520,"Atlanta, GA MSA",62.97,55.57,57.77,22.5285,0,22.76577,8.946606,100,100,534,856,6.889406,7.568795,1436.64,3258.64,7.967599,9.303319,33.00832,1.27408,.9853232,67.83321,.0643659,33.81372,-84.42798,5
580,"Auburn-Opelika, AL MSA",75.96,61.98,61.10,21.60585,0,13.62643,8.632627,64.76676,63.38312,193,193,6.964359,6.878406,1772,2703,10.42746,10.8589,38.9,.9140171,1.006009,42.23738,.480226,32.60112,-85.35549,6
600,"Augusta-Aiken, GA-SC MSA",65.91,53.18,52.11,22.51077,0,14.84253,9.837705,39.41772,38.36589,177,177,5.480079,5.432364,1801,2747,2.04688,2.625954,42.77081,1.049698,.886947,35.3471,.1174283,33.55994,-81.92854,5
640,"Austin-San Marcos, TX MSA",59.76,40.74,37.23,22.6982,0,19.05356,7.207321,29.58148,31.25885,376,406,5.408009,5.523797,2775.83,1811.5,2.731441,4.561155,35.16994,2.025377,.7283826,112.1199,.3862645,30.26263,-97.65442,7
680,"Bakersfield, CA MSA",66.64,53.27,52.34,22.20491,0,44.75803,21.38438,0,0,2454,2617,17.22562,22.85246,1909.58,2830.67,3.028658,3.604273,37.4,1.631415,.3721244,65.10928,.4686371,35.34293,-118.7298,9
733,"Bangor, ME NECMA",81.92,64.82,60.57,22.91702,0,7.582559,5.996395,0,0,490,729,6.793108,7.070626,217.2,8527,2.593068,2.412983,29.3,1.044715,.6242138,16.91323,.3680398,45.40053,-68.6494,1
743,"Barnstable-Yarmouth, MA NECMA",61.85,52.34,54.59,24.28764,0,29.95208,12.44193,0,0,91,91,3.659148,3.507449,299.5,6097.5,0,0,27.4,3.786625,1.771487,93.06096,0,41.72363,-70.2915,1
760,"Baton Rouge, LA MSA",61.80,48.20,50.06,21.58306,0,33.75832,11.79128,0,0,41,41,.6322378,.6408406,2559.5,1739.5,4.485243,7.09295,41.74142,1.219291,1.045734,40.63488,.2656895,30.42694,-90.93314,7
840,"Beaumont-Port Arthur, TX MSA",66.33,48.83,47.03,21.7644,0,28.50798,19.24343,0,0,36,46,.4923349,.5382322,2604.33,1652.33,9.640616,10.44588,38.6738,1.32066,.8706923,4.388812,.2089888,30.10127,-94.20786,7
860,"Bellingham, WA MSA",78.53,63.73,62.66,23.80585,0,10.28214,5.898327,5.581323,3.761754,3231,3231,74.38044,77.5149,131.5,5876.17,1.769691,1.24535,44.7,2.062233,.3379205,55.92434,.5715972,48.8257,-121.7208,9
870,"Benton Harbor, MI MSA",73.02,55.51,53.28,21.36176,0,21.60539,9.772564,0,0,98,98,3.042984,3.037208,698,6320,3.805774,5.112599,44.8,1.507246,1.284621,-1.523722,.0966553,41.95474,-86.41226,3
880,"Billings, MT MSA",34.92,23.27,27.72,23.39646,0,25.08348,14.90079,4.270586,46.52459,560,640,7.571082,7.060273,534.8,7349,.6554691,1.007194,21.3,2.049227,.3029587,29.84431,.8922449,45.93723,-108.2744,8
920,"Biloxi-Gulfport-Pascagoula, MS MSA",75.89,65.23,65.07,23.94723,0,31.90327,16.42805,0,0,69,69,1.585656,2.055741,2566,1643,5.911983,4,36.27516,1.304471,.718855,30.18371,.1619324,30.49791,-89.01713,6
960,"Binghamton, NY MSA",75.91,53.87,53.76,20.44632,0,14.41494,6.148683,0,0,394,394,20.52577,19.89464,315.667,7308,1.504587,2.56651,46.21858,1.509347,.9263216,-1.42773,.1760857,42.1645,-76.02516,2
1000,"Birmingham, AL MSA",74.05,56.37,54.08,22.10235,0,14.29081,10.45578,100,100,381,394,11.9377,10.73363,1706.75,3002.25,12.73165,12.65096,36.05023,1.024617,.6204983,13.86526,.080467,33.60081,-86.65369,6
1010,"Bismarck, ND MSA",60.94,41.27,42.07,24.62615,0,12.37346,5.96086,49.83215,72.85502,299,299,4.871716,5.058966,513.167,8971.67,1.311391,1.103869,24.43855,1.671474,.2171889,37.37382,.3112018,46.837,-100.9051,4
1020,"Bloomington, IN MSA",70.43,48.51,45.57,22.04498,0,29.37593,17.03217,0,0,155,155,10.53073,10.3536,1068,5309,1.369863,3.658536,39.2,1.473205,.7089081,28.43758,.8159106,39.16095,-86.52314,3
1040,"Bloomington-Normal, IL MSA",67.57,44.15,40.77,23.87662,0,8.594702,8.391194,.6125463,.6545527,107,107,1.901981,1.865157,1009,5945.5,2.000702,3.064156,18.1,1.484831,1.021281,23.74867,.218316,40.49081,-88.84734,3
1080,"Boise City, ID MSA",63.42,37.38,38.01,22.14775,0,23.18403,9.798492,11.56926,24.07785,1185,1185,7.310456,6.497347,785.714,5686.86,2.907329,4.30132,30.34361,2.017221,.8322102,70.51341,.3771731,43.51435,-116.4112,8
1123,"Boston-Worcester-Lawrence-Lowell-Brockton, MA-NH NECMA",67.49,47.64,44.72,23.43128,245.8845,8.31409,3.323356,0,0,685,685,7.496511,7.292742,427.033,6667.07,6.524618,9.393874,31.16554,1.304863,1.22077,8.837447,.0411974,42.49196,-71.37279,1
1240,"Brownsville-Harlingen-San Benito, TX MSA",65.67,43.76,40.91,23.44102,0,96.56671,158.5972,0,0,32,32,.52872,.5206405,3745.33,715,4.453049,5.79627,44.7,1.745412,.8051149,85.31289,.2505637,26.12842,-97.52625,7
1260,"Bryan-College Station, TX MSA",59.53,31.55,32.26,21.62986,0,22.2609,14.16619,0,0,83,83,2.404158,2.377958,2776,1788,7.096307,9.090909,45.7,1.517817,.8185965,110.1866,.5080341,30.66105,-96.30235,7
1280,"Buffalo-Niagara Falls, NY MSA",64.90,39.92,37.87,21.99922,175.8073,12.60153,7.349998,4.908632,8.314055,516,516,4.708164,4.461477,420.2,6862.2,4.478384,8,40.56502,1.552018,1.160799,-11.85308,.1744639,42.91101,-78.73686,2
1303,"Burlington, VT NECMA",88.47,75.10,60.58,23.30366,0,11.80535,7.453269,26.02816,24.32879,1275,1276,15.48776,14.02677,321.5,7865.5,2.441257,3.007322,28.87816,1.365804,1.005611,32.1464,.2273724,44.68709,-73.03077,1
1320,"Canton-Massillon, OH MSA",61.79,44.85,45.89,21.54934,0,15.50659,6.678763,100,100,132,132,7.630454,7.236399,579.7,6205.2,2.502085,6.257242,25.81103,1.485567,.5791906,.0805,.1589697,40.71866,-81.25368,3
1350,"Casper, WY MSA",54.24,34.40,34.19,23.00815,0,31.41328,27.46497,53.3862,54.66563,985,1309,10.67171,10.91942,446,7715.25,.6099252,.3169684,26.4,1.716604,.1288675,19.43274,.7945679,42.96227,-106.7985,8
1360,"Cedar Rapids, IA MSA",51.23,31.49,34.39,22.4067,0,17.40188,7.968808,100,100,129,129,4.728233,4.691638,822,6769,7.083101,10.5483,17.5,1.580756,1.052798,3.402915,.4600529,42.07888,-91.59892,4
1400,"Champaign-Urbana, IL MSA",72.56,44.26,42.10,24.4086,0,24.21861,14.28361,14.03156,14.20352,64,64,1.294402,1.289542,982.5,6018.5,2.512964,3.925305,24.2,1.377993,1.07899,5.967627,.1614667,40.14008,-88.19913,3
1440,"Charleston-North Charleston, SC MSA",58.03,48.71,50.76,22.69184,0,18.16932,12.57722,0,0,41,41,.7824151,.7500558,2107.5,2149.83,3.961653,4.556269,54.45427,1.07103,.7878462,50.79955,.143085,33.04145,-80.04322,5
1480,"Charleston, WV MSA",73.66,59.78,61.79,21.80472,0,14.14471,12.76546,100,100,501,684,37.40342,38.05052,987.25,4750.5,3.212396,4.062594,34.05574,1.139457,.8993467,-2.60014,.3184088,38.38445,-81.63409,5
1520,"Charlotte-Gastonia-Rock Hill, NC-SC MSA",67.88,52.73,51.12,22.79884,0,21.92844,6.776957,100,100,366,366,4.494223,4.466874,1466,3393.88,4.24556,8.480332,45.85929,1.163805,.854917,38.28728,.2425135,35.24553,-80.84245,5
1540,"Charlottesville, VA MSA",84.89,73.30,73.64,22.6113,0,15.74987,6.575317,100,100,984,1008,17.42784,14.2304,1156,4224,.5943536,.9668064,35.27517,.9500892,.617175,2.101099,.8155556,38.01535,-78.47571,5
1560,"Chattanooga, TN-GA MSA",76.42,61.29,61.06,21.40884,0,17.03962,6.75665,100,100,545,556,19.28825,19.73456,1420,3727,11.47156,12.38884,37.19897,1.05346,.8777227,16.41478,.2841719,35.00642,-85.35179,6
1580,"Cheyenne, WY MSA",48.83,29.99,31.35,24.86999,0,23.31623,15.91111,0,0,690,993,3.007981,4.067199,370.4,7190.6,.7323943,.8199039,38.9,1.543648,.1891813,29.77644,.5630202,41.30704,-104.6896,8
1602,"Chicago-Gary-Kenosha, IL-IN-WI CMSA",55.16,31.76,31.21,22.53019,231.6448,16.70704,9.468184,10.81711,9.37129,216,216,2.11159,2.052768,738.944,6573.11,14.27584,23.58001,25.29617,1.285228,1.328699,3.671576,.0233902,41.74453,-88.05255,3
1620,"Chico-Paradise, CA MSA",60.81,50.38,53.99,22.92896,0,28.27861,12.53921,20.70452,18.78253,2056,2136,20.13572,24.47726,1253.5,3301.25,2.760387,2.650657,41.2,1.912346,.4357205,78.6033,.328512,39.66692,-121.6007,9
1642,"Cincinnati-Hamilton, OH-KY-IN CMSA",66.41,47.79,47.45,21.98173,200.8878,14.52957,6.850017,5.198885,4.490229,201,201,7.25901,7.396135,978.727,5267,8.182236,11.57946,27.04913,1.423115,1.107898,9.093708,.0468807,39.06823,-84.42416,3
1660,"Clarksville-Hopkinsville, TN-KY MSA",65.93,54.96,56.97,22.39643,0,12.50728,12.80261,0,0,142,143,5.725415,6.170961,1391,4298,4.930767,5.371531,46.63651,1.336752,.9854777,42.45155,.5162346,36.72424,-87.44438,6
1692,"Cleveland-Akron, OH CMSA",60.29,36.84,36.24,21.82263,200.7361,16.1155,9.201575,72.80511,70.47842,237,237,3.632108,3.586948,539.556,6488.89,18.86659,26.51586,22.71566,1.333543,1.415108,-7.709149,.0206021,41.38287,-81.41639,3
1720,"Colorado Springs, CO MSA",57.53,37.12,36.38,22.87805,0,43.31306,31.75819,44.44459,55.77542,2710,2713,16.13166,9.630083,245.667,8138.33,7.613006,5.520926,36.5,1.737494,.2879891,68.24623,.743538,38.83212,-104.5256,8
1740,"Columbia, MO MSA",70.76,55.06,49.62,22.37931,0,23.26297,16.24934,48.21607,47.86918,116,116,5.586382,5.616716,1189,5212,6.167665,6.845564,21.5,1.50783,.7015683,38.89212,.792,38.99068,-92.30957,4
1760,"Columbia, SC MSA",70.03,49.24,45.05,22.5803,0,23.71827,11.41524,27.22503,26.9442,183,194,4.488308,4.38381,1935.75,2582.5,8.062274,9.842618,43.04674,1.142839,1.186292,40.40232,.4747868,33.96259,-81.08577,5
1800,"Columbus, GA-AL MSA",61.76,45.80,46.84,23.43412,0,22.33028,9.405119,38.49947,33.5884,358,358,6.83305,6.622376,2024.5,2529.5,19.91183,15.36817,41.33304,1.051563,.5979999,4.300611,.7876396,32.46177,-84.9974,5
1840,"Columbus, OH MSA",57.50,41.20,41.59,22.22825,208.546,20.27828,8.079294,44.97527,42.48073,204,204,2.980341,2.935801,764.875,5828.88,7.606871,11.81037,29.09941,1.550221,1.107055,19.52692,.234835,39.94269,-82.89346,3
1880,"Corpus Christi, TX MSA",50.59,28.89,28.87,22.82046,0,57.35625,38.26715,0,0,67,67,.7278193,.7279287,3409.75,1038.5,6.851852,8.441034,32.17445,1.495618,.737264,22.84224,.5166892,27.85362,-97.57555,7
1890,"Corvallis, OR MSA",62.17,42.66,43.47,21.25045,0,32.76228,20.02304,35.66966,28.33726,1163,1163,23.38845,28.25539,187.5,5105,1.721664,1.726058,35.7,1.450461,.7226602,31.6777,.7669095,44.49222,-123.4292,9
1900,"Cumberland, MD-WV MSA",82.80,66.04,65.51,22.86492,0,3.764298,5.82899,87.6664,89.67309,746,775,30.2194,29.43499,952,5036,1.916168,2.1,38.01289,1.287878,.8741745,-5.14218,.3446712,39.53204,-78.80444,5
1922,"Dallas-Fort Worth, TX CMSA",50.97,28.08,26.65,22.15438,154.1998,28.73054,11.26762,11.06896,10.75395,353,353,3.694263,3.682039,2416,2539.73,16.73119,21.9519,24.62652,1.52251,.9461306,65.95043,.0491162,32.73086,-96.8318,7
1950,"Danville, VA MSA",74.77,58.03,56.03,25.33588,0,8.963606,6.598984,100,100,490,490,7.79136,7.762804,1163,4281.5,1.455722,2.438123,47.33684,.778513,.6513271,-28.27718,.5964187,36.8111,-79.39761,5
1960,"Davenport-Moline-Rock Island, IA-IL MSA",60.15,36.97,37.10,22.37247,0,11.47999,4.279457,39.46744,40.25091,101,101,3.139782,3.150059,884.4,6548.4,7.348243,10.36652,21.79364,1.853088,1.310004,-3.247591,.1455069,41.45907,-90.37646,3
2000,"Dayton-Springfield, OH MSA",56.34,37.47,38.62,21.32721,171.8807,21.68029,9.155663,3.366651,3.371175,172,172,2.014459,2.044728,865.25,5724.75,9.026419,14.74531,27.62218,1.311063,1.157876,-2.182329,.0792975,39.85025,-84.0564,3
2020,"Daytona Beach, FL MSA",43.50,37.11,39.02,23.93216,0,47.74168,19.73494,0,0,33,33,.6889988,.6779652,2855,951,3.000203,4.520522,30.36486,2.311128,1.370859,129.6256,.1391607,29.17393,-81.21964,5
2030,"Decatur, AL MSA",69.49,55.11,54.34,20.60765,0,10.37242,7.152964,72.7509,73.24551,241,241,7.687799,8.066706,1617,3340.5,4.275905,4.59506,39.45486,.8509662,.7106501,25.78619,.3696875,34.49083,-87.10278,6
2040,"Decatur, IL MSA",74.64,47.35,45.49,22.71729,0,14.21705,8.30947,0,0,60,60,1.610156,1.623565,1120,5522,5.336891,7.870968,24.2,1.407887,1.427121,-6.242701,.6127385,39.85992,-88.96169,3
2082,"Denver-Boulder-Greeley, CO CMSA",42.97,28.63,28.63,22.2951,232.2253,28.40718,12.38728,55.0551,45.77582,2983,3016,10.93449,10.17318,483.643,6647.71,4.919257,5.217082,27.76581,1.727984,.4692699,49.41701,.1046467,40.11316,-104.6043,8
2120,"Des Moines, IA MSA",53.37,29.90,30.12,24.71315,0,11.51699,2.669028,0,0,122,122,4.80885,4.826829,866.5,6790.75,8,10.98166,18.91696,1.678356,1.021679,15.69705,.1408324,41.5711,-93.72686,4
2162,"Detroit-Ann Arbor-Flint, MI CMSA",61.05,33.28,30.47,21.39192,0,27.232,17.85094,20.72969,19.62599,192,192,1.990807,1.920903,619.692,6647.38,6.299012,13.73841,35.37066,1.1761,.8126737,-2.311729,.0384081,42.54058,-83.46243,3
2180,"Dothan, AL MSA",78.59,64.10,63.65,22.08842,0,13.57391,13.55577,29.09838,34.9822,145,145,5.007931,4.721992,2204,1903,16.6065,14.64226,51.73272,.9679304,.9306884,19.58872,.2098554,31.29042,-85.45443,6
2190,"Dover, DE MSA",76.66,66.31,67.49,23.00843,0,23.77115,25.84928,0,0,35,35,.4539071,.4575576,1199,4337,4.135338,3.781513,70.4,1.245543,.7517943,35.53583,.4573998,39.08627,-75.56815,5
2200,"Dubuque, IA MSA",51.27,35.79,37.79,23.4771,0,9.302599,3.858734,57.1238,56.96996,188,188,9.217284,9.200742,712.667,7079.67,3.560076,5.279312,20.5,1.644428,1.099186,-4.641923,.5043266,42.46886,-90.88245,4
2240,"Duluth-Superior, MN-WI MSA",65.49,43.19,43.49,29.08937,0,.8107312,4.633784,7.248531,5.281053,411,411,4.674941,4.105429,210.091,9892.36,9.472171,7.751653,43.86532,1.526286,.4340159,-9.564349,.1424805,47.41235,-92.38029,4
2290,"Eau Claire, WI MSA",74.90,51.40,49.99,23.35907,0,9.74577,1.931575,79.68739,75.8307,185,246,5.106983,4.992956,453,8330.4,3.680403,3.952392,56.84578,2.001114,.8035181,19.66921,.2332774,44.93882,-91.28224,3
2320,"El Paso, TX MSA",59.39,38.03,37.98,24.44215,0,30.6021,22.2926,0,0,1083,1090,8.077101,7.832178,2123.67,2686,25.1938,23.11355,43,1.625423,.5512906,64.6604,.9353126,31.76871,-106.2349,7
2330,"Elkhart-Goshen, IN MSA",75.13,53.01,51.59,19.37423,0,17.76181,7.030287,0,0,85,85,1.468047,1.447832,716,6282,3.962102,6.919275,33.1,1.493729,1.405949,23.44838,.3086735,41.5974,-85.85874,3
2335,"Elmira, NY MSA",71.65,48.54,48.67,22.85087,0,9.28304,7.22777,0,0,393,393,23.07108,22.41426,373,6982,1.789264,4.12844,51.6,1.418202,.9269447,-6.245999,.305679,42.14126,-76.76005,2
2340,"Enid, OK MSA",64.65,35.06,35.09,23.00396,0,8.454726,8.813576,0,0,108,113,1.752386,1.859045,2008,3788,17.23447,13.83131,32.1,1.733947,.340694,2.474488,.3016979,36.37904,-97.7828,7
2360,"Erie, PA MSA",73.06,52.82,45.47,21.74783,0,11.61682,6.621641,1.227741,1.134499,405,405,6.851359,6.761063,428,6598.5,3.576826,5.945193,29.6,1.445076,1.640095,4.520319,.2344971,41.99255,-80.03275,2
2400,"Eugene-Springfield, OR MSA",50.91,32.28,33.97,21.88735,0,43.99886,20.81474,36.47902,39.65745,2591,3111,39.03214,46.88447,198.4,4934,1.335754,1.324186,35.5,1.659183,.2701787,32.59967,.3412687,43.93863,-122.8475,9
2440,"Evansville-Henderson, IN-KY MSA",73.87,47.00,44.68,22.14222,99.99543,9.970531,5.126101,0,0,80,80,2.772861,2.759731,1408.5,4522.5,2.530655,4.374057,39.18229,1.677701,1.039006,9.616329,.338552,37.97156,-87.57729,3
2520,"Fargo-Moorhead, ND-MN MSA",56.41,37.35,39.24,23.60776,0,13.75106,3.171937,8.032637,5.283981,203,203,1.391153,1.307855,504,9349.5,3.264185,2.502018,26.38254,1.680001,.4821559,27.4938,.1742976,46.91784,-96.96552,4
2560,"Fayetteville, NC MSA",56.14,44.51,46.42,22.38725,0,43.88998,12.82383,0,0,142,142,2.207265,2.130245,1623,3169,4.668989,6.214039,58.7,1.131851,1.116903,29.48661,.5498971,35.04855,-78.8273,5
2580,"Fayetteville-Springdale-Rogers, AR MSA",67.14,53.10,53.10,22.26559,0,12.99378,13.4945,72.31833,65.21432,396,433,10.53842,12.16675,1382.75,4216.25,7.44186,7.862154,40.86383,1.72082,.6978121,64.97035,.125316,36.1526,-94.23518,7
2620,"Flagstaff, AZ-UT MSA",80.67,69.54,69.24,23.75414,0,34.60345,19.0905,0,0,2865,3388,21.60428,20.27954,897.438,5538.88,2.431278,.4308409,61.66557,2.620845,.0734917,100.5242,.4590122,36.10367,-111.792,8
2650,"Florence, AL MSA",79.37,61.74,61.46,21.22581,0,10.661,6.306385,42.37811,41.72668,161,161,7.753002,7.764377,1736,3325,4.484848,4.834177,32.87803,1.07862,.7171956,11.53699,.1763791,34.80825,-87.72423,6
2655,"Florence, SC MSA",74.96,58.97,54.27,22.6061,0,12.34958,5.777413,0,0,41,41,1.008137,1.005826,1937,2627.5,2.524272,3.632075,58.6,1.070998,1.02134,27.56482,.2406814,34.02442,-79.70288,5
2670,"Fort Collins-Loveland, CO MSA",60.41,51.30,52.37,20.60548,0,27.93976,21.05528,0,0,2565,2626,22.94541,31.01348,228.25,7646.75,2.583862,1.436782,27,2.1802,.2873856,107.0478,.3976,40.66638,-105.4612,8
2700,"Fort Myers-Cape Coral, FL MSA",37.05,34.17,40.62,23.03441,0,191.0293,247.3573,0,0,9,9,.2705479,.2674255,3855,418,10.90617,9.88806,34.8,2.223996,1.391516,218.5,.7661287,26.57733,-81.83546,5
2710,"Fort Pierce-Port St. Lucie, FL MSA",52.25,46.04,40.44,22.03028,0,58.70055,21.56383,0,0,17,17,.2469632,.2487638,3541,398.5,5.58519,5.677083,30.21956,1.800408,1.638194,218.3312,.6371939,27.2205,-80.45007,5
2720,"Fort Smith, AR-OK MSA",73.04,50.74,48.91,21.89071,0,3.931695,11.85424,0,0,612,644,8.293681,11.3631,1788.67,3448,6.293078,6.185148,40.04221,1.613607,.8168085,37.12622,.2277095,35.43919,-94.44839,7
2750,"Fort Walton Beach, FL MSA",68.68,54.22,54.49,22.44304,0,63.17141,46.36233,0,0,106,107,6.437869,6.307963,2296,1909,3.062081,3.653445,48.3,1.71227,1.036063,63.03537,.2234014,30.69091,-86.59173,5
2760,"Fort Wayne, IN MSA",65.06,42.29,41.79,21.27242,0,13.10236,4.996902,0,0,108,108,.9473282,.9525197,749,6296.25,2.175294,3.998148,28.38284,1.379806,.9654503,8.548135,.3069573,41.00026,-85.18848,3
2840,"Fresno, CA MSA",66.44,44.65,37.97,22.15598,0,27.26595,15.45477,0,0,4048,4293,20.27794,30.53104,1507,3317,1.10958,1.385595,43.33797,1.682902,.3157211,66.2179,.3806135,36.88004,-119.6801,9
2880,"Gadsden, AL MSA",78.36,57.23,54.26,23.11073,0,15.66323,14.33793,100,100,317,317,11.94673,11.92758,1610,3317,17.65547,19.11765,40,1.094069,1.327876,6.050306,.1768305,34.04525,-86.03477,6
2900,"Gainesville, FL MSA",54.69,43.96,45.45,22.44861,0,36.61895,14.20232,44.86828,44.33192,46,46,1.255024,1.247682,2703.33,1226.33,5.267456,6.791569,32.1,1.670421,1.438277,73.33817,.3302286,29.67477,-82.35757,5
2975,"Glens Falls, NY MSA",71.67,52.49,49.86,22.21603,0,5.965135,2.66633,8.034357,7.52636,1007,1051,21.83394,22.45568,411.5,7305,.9889604,1.225438,56.49355,2.026888,.7740105,16.07019,.1206897,43.44353,-73.64882,2
2980,"Goldsboro, NC MSA",76.98,62.38,60.93,22.35619,0,14.69033,8.597165,0,0,59,59,1.668361,1.664391,1689,3040,2.097902,3.537415,56.7,.7844698,.9262923,22.54824,.5784023,35.36381,-78.00404,5
2985,"Grand Forks, ND-MN MSA",59.44,39.50,41.21,24.40534,0,7.791152,4.057205,15.30097,12.54112,230,230,1.163306,1.241871,445.6,9764.4,.6488105,1.136991,38.03114,1.433999,.5094526,8.001088,.1418607,47.83595,-96.84456,4
2995,"Grand Junction, CO MSA",79.47,64.01,62.99,22.18973,0,19.87676,9.057652,0,0,2094,2129,26.95942,32.93376,956.429,5856.57,.6319591,.3764545,41.2,1.489683,.18453,71.3043,.6382002,39.01828,-108.4665,8
3000,"Grand Rapids-Muskegon-Holland, MI MSA",65.01,47.62,42.32,21.77726,0,18.48668,7.937111,43.4852,43.40006,144,144,3.097256,3.095638,485.333,6824,5.665164,8.038416,41.84216,1.20541,.8525713,22.8851,.0869841,42.93499,-85.85497,3
3040,"Great Falls, MT MSA",61.85,33.62,32.92,23.89015,0,43.58038,49.67023,55.70843,43.45022,498,1772,5.554344,20.69255,236.4,8021.2,.5394801,.6434466,23.1,2.030258,.177072,-4.980248,.731569,47.30803,-111.3472,8
3080,"Green Bay, WI MSA",58.40,33.71,33.12,23.455,0,20.76978,5.28387,41.2498,42.42766,128,128,2.707301,2.645177,381,8089,7.68,11.38836,46.2,1.889487,1.422536,22.97086,.4766444,44.45252,-88.00397,3
3120,"Greensboro--Winston-Salem--High Point, NC MSA",69.64,52.94,51.45,23.19673,0,22.65513,8.884964,100,100,642,642,5.806187,5.760755,1324,3678.29,2.550967,6.228104,44.69661,1.166339,.8984191,25.25673,.1551074,35.99997,-80.03912,5
3150,"Greenville, NC MSA",72.99,65.94,67.12,23.57971,0,10.28581,5.466371,15.04937,14.97876,31,31,.8713636,.8726553,1561,3129,2.742124,3.639515,61.8,1.231394,1.005263,46.0406,.3570169,35.59351,-77.37467,5
3160,"Greenville-Spartanburg-Anderson, SC MSA",75.20,55.97,52.86,22.21703,0,14.38138,3.293974,100,100,914,914,9.789678,9.570521,1418.7,3350.2,2.39015,4.450322,44.75977,1.210416,.9677326,34.94316,.0671901,34.83485,-82.30145,5
3240,"Harrisburg-Lebanon-Carlisle, PA MSA",67.23,46.88,47.24,23.10394,0,11.42651,3.277196,100,100,569,601,13.60147,14.61506,766.25,5650.5,1.916141,3.193874,36.15493,1.409,1.251271,15.22563,.0535891,40.33391,-76.986,2
3283,"Hartford, CT NECMA",53.67,41.34,42.23,22.67278,0,20.52909,7.321546,41.47965,45.6863,426,426,10.75784,10.28001,499.667,6400.67,4.798112,6.457831,21.37265,1.334309,1.334765,8.568657,.2808532,41.7346,-72.5773,1
3285,"Hattiesburg, MS MSA",55.43,41.95,42.04,22.62354,0,16.66448,6.997673,0,0,103,113,4.579545,4.656709,2265,2180,2.663116,3.822153,41.65,1.3414,.9544125,35.15015,.3438151,31.19762,-89.38721,6
3290,"Hickory-Morganton-Lenoir, NC MSA",76.59,61.66,58.10,21.76996,0,20.61949,4.206418,100,100,1492,1492,17.73486,18.49664,1215.33,3673,2.552987,4.299363,54.51308,1.07299,.8470127,28.58682,.1125108,35.81313,-81.45466,5
3350,"Houma, LA MSA",83.65,65.39,62.50,25.37351,0,20.74396,9.244041,0,0,4,4,.0579861,.0570153,2622.5,1497,.5565423,.6578292,47.24164,1.213877,.5709611,26.10663,.3907254,29.47115,-90.6648,7
3362,"Houston-Galveston-Brazoria, TX CMSA",48.11,38.15,38.93,22.31166,0,46.11191,7.709042,0,0,127,127,.8930581,.8929368,2781.77,1535.38,11.70287,14.13095,23.43615,1.579814,.7053133,71.05322,.1867425,29.77328,-95.32489,7
3400,"Huntington-Ashland, WV-KY-OH MSA",80.91,57.05,54.72,21.83348,0,8.97999,9.456778,100,100,255,276,22.48184,23.36919,964,4965.2,2.24525,2.676567,41.46696,1.01048,.9956129,1.872321,.1180021,38.39027,-82.64262,6
3440,"Huntsville, AL MSA",68.78,48.29,45.96,20.47529,0,23.95499,18.70943,35.39258,37.67421,349,380,7.071167,7.776037,1545.33,3494.67,10.86892,12.05976,41.43608,.9989529,.8453716,28.3948,.496006,34.78319,-86.73459,6
3480,"Indianapolis, IN MSA",62.76,39.66,37.68,21.46791,177.3724,17.21051,6.960326,0,0,152,152,2.221703,2.210012,898.111,5849.33,9.415696,14.78843,28.78996,1.265688,1.195443,10.58676,.4658692,39.80733,-86.11735,3
3500,"Iowa City, IA MSA",52.36,38.15,39.68,22.06485,0,22.71719,11.27563,85.61626,85.47072,123,123,5.886951,5.91254,1047,6227,5.132962,6.488781,19.9,1.497359,1.158782,33.26355,.3655341,41.67153,-91.58813,4
3520,"Jackson, MI MSA",81.14,64.73,62.08,25.12662,0,14.97593,9.438519,61.55415,61.20229,76,76,2.475774,2.479685,621,6791,1.600854,2.403344,43.5,1.277273,.929662,4.524199,.473535,42.24847,-84.42332,3
3560,"Jackson, MS MSA",49.24,37.36,39.02,23.12606,0,22.18753,6.265137,0,0,144,144,2.987199,3.142547,2111.5,2485.75,7.325539,8.358023,29.24198,1.032417,1.036888,36.98444,.2924232,32.37871,-90.15235,6
3580,"Jackson, TN MSA",48.21,39.35,48.54,22.48355,0,7.31648,5.419159,0,0,104,108,3.580831,3.612108,1663.5,3661,4.850564,5.523386,41.6,1.229281,1.122594,20.02141,.7104579,35.54449,-88.76168,6
3600,"Jacksonville, FL MSA",49.45,37.45,39.00,24.96662,0,34.07769,10.54741,0,0,76,76,.9982107,.9877682,2641.25,1258.75,22.83423,25.91967,32.10731,1.301698,1.322843,48.09098,.8936036,30.21696,-81.68965,5
3605,"Jacksonville, NC MSA",65.36,61.82,68.05,23.92693,0,55.41917,50.95193,100,100,35,35,1.157059,1.144586,1722,2720,.1892148,.2302026,70.1,1.309078,.907544,45.29605,.44,34.73052,-77.42803,5
3610,"Jamestown, NY MSA",76.06,56.32,56.27,22.19635,0,5.122402,4.76512,0,0,466,466,9.168789,9.098772,483.5,6490.5,2.288166,3.459011,51.1,1.83972,1.187631,-3.672652,.1146,42.22789,-79.36645,2
3620,"Janesville-Beloit, WI MSA",70.36,44.60,43.18,21.27278,0,14.9147,4.860641,100,100,105,106,4.515851,4.51625,636,7161,4.868914,7.139135,50.3,1.886792,1.637259,5.71342,.3170654,42.67123,-89.07158,3
3660,"Johnson City-Kingsport-Bristol, TN-VA MSA",76.22,63.91,64.41,21.11419,0,14.88874,6.818774,100,100,1334,1531,27.53333,28.33384,961.5,4357,3.270609,4.116571,46.79316,.9594231,.9063744,12.46064,.1195364,36.50303,-82.41058,6
3680,"Johnstown, PA MSA",87.55,71.10,67.96,20.75636,0,-1.173686,4.020261,100,100,640,640,16.91544,17.96181,432,6490.75,2.773613,3.169844,42.7668,1.175701,.7151158,-8.208978,.0441015,40.17776,-78.90475,2
3700,"Jonesboro, AR MSA",57.17,40.41,43.04,22.47354,0,7.087854,8.286201,0,0,88,88,1.094069,1.044054,1940,3504,2.631579,3.529412,44.2,1.498041,.7162713,32.43451,.5624426,35.83076,-90.63282,7
3710,"Joplin, MO MSA",66.17,46.12,44.03,21.89942,0,2.295914,2.686579,94.27983,94.10287,165,165,3.561099,3.553484,1456,4394,6.19195,7.503038,36.96363,1.59641,.7831156,19.65092,.1439624,37.05653,-94.33994,4
3720,"Kalamazoo-Battle Creek, MI MSA",77.68,55.41,49.91,22.13936,0,18.16931,6.649933,23.7881,23.81378,144,144,2.418379,2.440735,600,6545.2,4.423701,6.085591,40.12574,1.366072,.931803,7.447597,.1535692,42.24775,-85.49282,3
3760,"Kansas City, MO-KS MSA",50.92,35.32,34.33,22.6056,241.0884,15.29669,8.099511,.0087643,.0081529,178,178,4.446467,4.50052,1305.88,5183.88,14.99963,18.61746,28.73186,1.285428,.9291132,14.43598,.1188903,39.06395,-94.45334,4
3810,"Killeen-Temple, TX MSA",56.48,40.00,38.41,22.66983,0,20.451,18.26582,17.60411,19.90501,277,339,5.711445,5.73541,2486,2220.2,4.640324,5.120961,50.90697,1.326708,.6463206,59.76883,.1909394,31.21206,-97.63673,7
3840,"Knoxville, TN MSA",72.93,62.49,63.95,22.9851,0,17.37589,8.929772,100,100,963,1779,18.98791,23.37951,1139,4151.71,7.016595,7.691138,43.46603,1.335741,1.008744,26.85423,.1751707,35.89645,-83.89955,6
3850,"Kokomo, IN MSA",75.54,42.14,37.99,18.75189,0,10.95552,7.826307,0,0,70,70,.9528724,.9591204,770,6429,1.549296,3.561644,27.93103,1.512299,.4533668,-2.906418,.6028106,40.40278,-86.08643,3
3870,"La Crosse, WI-MN MSA",71.84,42.25,41.14,22.94422,0,10.96761,3.093179,100,100,237,237,16.94613,16.72411,578.5,7920.5,2.399409,3.658095,49.64201,2.489186,.9522577,18.74745,.2536026,43.77924,-91.3197,4
3880,"Lafayette, LA MSA",59.58,43.54,44.95,23.17097,0,14.56054,2.478918,0,0,22,22,.4049113,.3997845,2587,1649.67,2.214806,3.318714,57.13394,1.354491,.7248923,25.60096,.1258126,30.34121,-91.99043,7
3920,"Lafayette, IN MSA",77.77,48.75,43.40,21.50059,0,15.03362,9.200654,0,0,136,136,1.948748,1.977701,863.5,6051.75,1.495088,2.791667,30.07027,1.522244,1.08687,15.47043,.2929383,40.34986,-86.70729,3
3960,"Lake Charles, LA MSA",60.09,46.00,46.71,22.18029,0,36.69008,22.66045,0,0,22,29,.4244142,.4400926,2507,1761.5,2.083333,4.439092,42.8,1.313482,1.019247,15.62356,.3893396,30.22927,-93.35801,7
3980,"Lakeland-Winter Haven, FL MSA",59.00,48.76,46.62,20.91018,0,44.75234,25.94555,4.878397,5.00203,73,74,1.256064,1.260332,3398.6,646.2,2.431184,3.430079,34.6,1.276285,1.14617,78.4079,.1097694,27.94885,-81.69771,5
4000,"Lancaster, PA MSA",73.78,54.52,54.72,21.91703,0,13.02261,3.658636,100,100,354,354,7.596472,7.462732,841.667,5456.67,2.281826,3.74662,35.6,1.341912,1.27375,32.25876,.0963971,40.04236,-76.24776,2
4040,"Lansing-East Lansing, MI MSA",70.08,44.92,42.56,21.82315,0,23.24719,6.490812,90.13293,90.34401,122,122,1.956157,1.953688,463,7217.75,2.595315,4.488889,38.65867,1.154792,.9162164,14.33607,.2024311,42.71332,-84.60696,3
4080,"Laredo, TX MSA",47.49,25.28,25.51,23.54584,0,20.72642,12.66938,0,0,171,207,3.920131,3.191549,3685.5,1153.5,.8891929,.5582849,53.7,1.427415,.1084385,82.8724,1,27.76103,-99.33172,7
4100,"Las Cruces, NM MSA",73.78,61.33,62.28,22.64134,0,34.93805,20.91512,0,0,1516,1516,11.58465,10.31838,1425.67,3491.33,1.465846,.7623007,53.2,1.390223,.2771641,94.21553,.6259066,32.35265,-106.8328,8
4120,"Las Vegas, NV-AZ MSA",35.52,33.32,50.08,24.50248,0,85.52965,45.83757,5.168168,11.96348,2408,3530,23.89592,24.69095,1751.9,4045,3.030783,.6304086,31.65689,2.224818,.0512254,179.8208,.1966621,36.8944,-115.2727,8
4150,"Lawrence, KS MSA",52.88,36.99,38.02,23.93252,0,20.2142,14.76254,0,0,128,128,4.903706,4.919228,1565,4734,3.194103,5.075337,25.4,1.570807,1.151059,41.19658,.824707,38.8845,-95.29243,4
4200,"Lawton, OK MSA",62.45,33.14,33.82,23.58736,0,33.53486,18.19705,.9913403,.9354316,429,429,5.695306,5.701762,2052.33,3461,3.403626,4.531195,47,1.239089,.5608692,3.090324,.7228402,34.66207,-98.47169,7
4243,"Lewiston-Auburn, ME NECMA",71.79,48.27,40.19,23.7611,0,6.786569,2.070073,0,0,309,309,7.096574,7.086462,398,7244,17.24684,19.20428,17.3,1.237963,.7724053,15.31568,.5356264,44.16581,-70.20639,1
4280,"Lexington, KY MSA",68.19,47.69,46.47,22.267,0,14.80176,6.9293,7.725147,7.445013,338,338,7.742353,7.657932,1198,4478.5,1.505776,1.839763,30.75481,1.334708,1.35049,31.18789,.1217482,38.00565,-84.3975,6
4320,"Lima, OH MSA",74.39,52.22,51.11,20.89416,0,9.14158,7.194203,0,0,105,105,1.106237,1.100769,810,6253,2.936928,4.458001,28.38163,1.535934,.8191771,3.067862,.1776177,40.66706,-84.16325,3
4360,"Lincoln, NE MSA",71.54,34.60,31.17,23.40845,0,14.78919,9.984012,69.15751,64.89938,133,143,4.520022,4.452527,1199,6160,4.33633,7.433946,17.9,1.44667,.8937216,27.18846,.8949775,40.78408,-96.68776,4
4400,"Little Rock-North Little Rock, AR MSA",48.77,37.82,42.25,22.33829,0,15.34605,4.295071,0,0,401,492,4.393934,5.143009,1857.75,3180.88,5.906984,7.408815,34.97569,1.149253,.6568982,34.63503,.1971247,34.81948,-92.29186,7
4420,"Longview-Marshall, TX MSA",62.04,54.72,59.25,21.75645,0,13.08603,21.35895,0,0,161,161,4.03994,3.990317,2143,2570.67,6.919642,7.649926,38.78006,1.396865,1.212321,36.72414,.1540888,32.60032,-94.62995,7
4472,"Los Angeles-Riverside-Orange County, CA CMSA",57.34,35.41,32.95,22.05581,259.4031,57.69707,36.24373,0,.1955484,3543,3543,29.44687,23.30929,1939.81,2109.21,9.388967,6.626337,33.10366,1.44975,.285493,45.7022,.0482622,34.49925,-116.579,9
4520,"Louisville, KY-IN MSA",65.90,43.04,43.04,22.71849,168.5303,18.56127,6.809161,0,0,191,191,8.155074,7.74572,1236.5,4632.75,3.069208,7.379135,28.61962,1.217818,.8933905,4.854917,.1784562,38.2854,-85.78374,3
4600,"Lubbock, TX MSA",70.87,32.96,32.92,22.12755,0,89.87227,85.59796,0,0,191,191,2.375777,2.341264,1689,3431,7.409031,10.89151,33,1.489166,.7850608,24.17301,.7997048,33.6102,-101.8205,7
4640,"Lynchburg, VA MSA",85.55,72.27,72.34,22.01142,0,9.097206,5.803401,100,100,1097,1111,15.16094,14.93481,1038.5,4258.5,3.307246,3.554255,39.54096,.8319427,.8105583,-5.650886,.5867128,37.36367,-79.29506,5
4680,"Macon, GA MSA",70.00,52.25,47.01,22.51858,0,16.36403,13.0165,26.88978,30.81843,129,129,5.505747,5.488386,2125,2334,3.491343,5.65899,43.80163,1.206894,1.121574,19.82807,.3380184,32.72147,-83.60393,5
4720,"Madison, WI MSA",60.05,46.31,47.40,23.78263,0,26.68218,5.679616,100,100,146,235,6.340404,6.716093,532.667,7503.33,6.286702,8.022215,41.6,1.815539,1.320796,26.46242,.3368343,43.06735,-89.41834,3
4800,"Mansfield, OH MSA",66.12,49.38,50.61,21.22204,0,14.80785,6.935126,62.1953,62.83088,195,195,2.85726,2.83684,565.667,6509.33,5.197595,7.130872,26.56511,1.569075,.8813158,-3.522935,.2249827,40.80872,-82.70753,3
4880,"McAllen-Edinburg-Mission, TX MSA",64.50,46.62,45.51,22.74799,0,59.054,69.41101,0,0,113,113,.9385321,.9282516,3883.6,788.2,4.716682,5.328639,44.3,1.492825,.6454476,111.2788,.1430845,26.39672,-98.18134,7
4890,"Medford-Ashland, OR MSA",58.60,42.33,43.39,22.13644,0,37.42537,20.58898,13.24297,23.86521,2528,2554,38.98801,41.16484,392.5,5457.17,1.696113,1.174882,36.6,1.914675,.3680328,54.85492,.3037389,42.43217,-122.7284,9
4900,"Melbourne-Titusville-Palm Bay, FL MSA",40.11,34.21,40.68,20.36957,0,120.3522,128.3869,0,0,15,15,.2980976,.3122962,3125,723.5,7.501394,8.854668,38.1,1.313009,1.500332,73.46417,.2727138,28.2935,-80.73222,5
4920,"Memphis, TN-AR-MS MSA",38.07,27.40,28.72,22.54137,161.1833,20.5327,5.68016,0,0,126,133,1.878005,2.122514,1851.6,3347.8,9.543769,12.32538,32.75103,1.057549,.6194769,17.58006,.4392385,35.19061,-89.86535,6
4940,"Merced, CA MSA",61.60,46.47,48.78,21.94009,0,34.23566,12.98561,0,0,1123,1123,6.304111,7.666779,1486.67,2620.33,1.133977,1.371186,44.3,1.490982,.5416179,70.51009,.3005356,37.19262,-120.718,9
4992,"Miami-Fort Lauderdale, FL CMSA",34.11,20.73,20.03,23.81817,0,117.0607,65.63264,99.31768,91.64027,4,4,.059434,.0487496,3972.5,242.625,9.147344,10.12276,18.34494,1.629357,.5256474,69.11108,.0457454,25.81797,-80.53369,5
5082,"Milwaukee-Racine, WI CMSA",59.52,35.33,33.85,22.50793,0,17.83243,8.898275,6.484479,5.910688,204,204,4.066339,4.050441,535.889,7364.67,22.38528,30.14228,38.64218,1.556659,1.518995,2.074085,.0619959,43.09738,-88.15227,3
5120,"Minneapolis-St. Paul, MN-WI MSA",47.20,32.07,31.34,22.67107,166.287,18.50336,6.248274,70.17957,73.3095,192,195,4.065558,4.17801,590.2,8128,23.3455,26.32618,32.91593,1.187143,1.029941,25.26843,.0151007,45.06653,-93.20338,4
5140,"Missoula, MT MSA",73.63,54.73,54.86,22.99531,0,20.48626,15.41697,0,0,1727,1831,56.03334,52.50079,171,8441.33,1.528662,.3914745,20.8,2.505878,.1607236,35.05484,1,47.03648,-113.9238,8
5160,"Mobile, AL MSA",77.70,58.49,56.10,22.76119,0,26.70541,17.51029,0,0,105,122,4.709429,5.099702,2478.5,1723.83,7.993384,7.712665,36.87222,1.107011,.8477194,26.60888,.2806773,30.75298,-87.93095,6
5170,"Modesto, CA MSA",48.66,35.10,37.54,22.16586,0,35.88928,17.36514,0,0,891,1155,9.540204,13.76153,1434.5,2658,1.728763,2.975,40.2,1.542369,.6234803,90.49387,.4075277,37.55919,-120.9977,9
5200,"Monroe, LA MSA",49.75,35.95,37.74,22.74318,0,32.79039,25.10802,0,0,69,73,2.550782,2.632146,2242,2478,2.307692,5.333333,52.4,1.239308,1.110228,23.22965,.5389979,32.47845,-92.15456,7
5240,"Montgomery, AL MSA",63.41,48.59,49.49,22.97048,0,12.17786,5.376222,13.09645,13.12442,205,205,5.324778,6.009393,1970,2452.5,11.39948,8.156877,45.78588,1.257834,.566303,29.55555,.5804718,32.43282,-86.31665,6
5280,"Muncie, IN MSA",70.39,42.72,39.76,21.4812,0,18.11039,3.925143,0,0,77,77,1.08089,1.093293,878,6027,2.902903,6.78128,34.9,1.35429,1.492249,-7.398293,.6818092,40.22752,-85.39694,3
5330,"Myrtle Beach, SC MSA",71.50,63.28,63.79,23.62318,0,17.29629,9.759847,0,0,46,46,.8097977,.8105837,1827,2629,1.243555,1.537071,53.1,2.814607,.8539886,105.8135,.3248751,33.92149,-78.99656,5
5345,"Naples, FL MSA",56.98,52.32,49.78,23.21978,0,69.56414,70.03215,0,0,12,12,.1516218,.1270773,3659.5,349.5,.5810736,.4557292,40.59999,3.049422,.5978511,299.8396,.8673469,26.11691,-81.3445,5
5360,"Nashville, TN MSA",68.22,56.10,57.10,23.25425,0,15.99718,2.2753,47.25834,48.56171,289,289,8.47755,8.736754,1371.22,4112.56,16.15657,17.09134,37.2494,1.257255,1.091589,40.89069,.4545717,36.16465,-86.73436,6
5483,"New Haven-Bridgeport-Stamford-Waterbury-Danbury, CT NECMA",55.42,39.11,38.68,22.91474,0,16.03105,6.016755,22.6248,22.54997,394,394,12.46042,11.48534,638.75,5743,14.05579,17.21051,21.08636,1.367572,1.223426,6.119412,.1126864,41.33968,-73.16579,1
5523,"New London-Norwich, CT NECMA",74.30,64.59,60.07,22.9859,0,17.3807,8.069636,0,0,191,191,8.968516,8.89828,511.5,5910,4.879386,5.352548,30.4,1.34579,1.451813,10.6834,.5453032,41.48707,-72.1021,1
5560,"New Orleans, LA MSA",49.25,32.29,33.92,24.23259,185.2439,18.82723,6.246155,0,0,66,66,.395147,.34869,2671.25,1496.63,3.684355,3.973244,37.612,1.368726,.9782038,12.33601,.5422009,29.91692,-89.95475,7
5602,"New York-Northern New Jersey-Long Island, NY-NJ-CT-PA CMSA",52.17,28.75,28.47,25.16926,259.5536,14.64001,6.830582,47.28042,44.46515,642,670,9.826523,8.558438,721.2,5673.71,7.543241,13.95994,33.19413,1.299703,1.28019,-.2991821,.0522125,40.90321,-74.13356,2
5720,"Norfolk-Virginia Beach-Newport News, VA-NC MSA",48.91,40.82,44.07,23.61957,0,25.08674,19.75738,0,0,33,33,.785072,.7574369,1372.57,3584.43,33.51304,31.37308,36.7611,1.05941,1.078562,9.447939,.2986857,36.88459,-76.41914,5
5790,"Ocala, FL MSA",54.60,51.21,56.13,22.94049,0,24.03304,10.58765,76.91735,76.29372,68,68,1.556814,1.558986,3046,930,1.31951,2.153494,43.09999,1.825293,1.10064,182.244,.5636035,29.21018,-82.05681,5
5800,"Odessa-Midland, TX MSA",72.86,48.57,47.92,22.59027,0,136.6039,87.09012,43.22628,52.21539,194,217,1.409284,1.474374,2168.33,2675,2.608412,3.393045,21.07871,1.666264,.6257194,43.44179,.5043401,31.86922,-102.2872,7
5880,"Oklahoma City, OK MSA",58.01,28.69,27.01,23.0434,0,24.56485,17.45568,42.25094,42.34509,257,257,3.87195,3.833155,1970.57,3430.14,33.04628,35.4141,31.28959,1.937798,.9774903,33.57559,.1866671,35.43285,-97.44487,7
5920,"Omaha, NE-IA MSA",63.78,36.36,34.37,23.4296,137.9472,13.53921,6.806035,33.79909,27.73112,143,145,6.667348,6.712203,965,6485.2,4.480747,6.572983,18.94757,1.632466,.8426223,11.90703,.3372546,41.24368,-95.9231,4
5960,"Orlando, FL MSA",49.24,40.02,39.39,22.89044,0,62.98396,34.82007,7.703011,8.077354,60,60,.8898109,.8710466,3181.8,769.6,3.611667,5.138377,31.85283,1.55193,1.257972,134.3878,.0774019,28.43435,-81.3631,5
5990,"Owensboro, KY MSA",79.68,48.60,47.11,22.47172,0,14.46371,6.038975,0,0,82,82,2.804481,2.854632,1415,4334,1.244813,2.702703,22,1.396472,1.347886,9.691015,.9429066,37.73174,-87.08725,6
6015,"Panama City, FL MSA",73.00,57.54,55.60,24.10461,0,50.56965,37.52941,0,0,59,79,1.212405,1.291206,2354,1726.5,1.902399,2.860246,45.6,2.058898,1.104986,68.68881,.2831277,30.26525,-85.62024,5
6020,"Parkersburg-Marietta, WV-OH MSA",74.43,53.02,52.04,20.92496,0,11.129,4.849561,100,100,161,186,8.17189,7.825356,960,5089.33,1.703365,2.862453,31.43462,1.43772,1.207923,3.605412,.2653061,39.36497,-81.50262,3
6080,"Pensacola, FL MSA",71.60,60.60,61.23,21.9604,0,32.10429,17.05724,0,0,110,110,5.254162,5.135036,2476.5,1728.5,1.701006,1.705171,43.53385,1.205389,1.238369,41.68713,.4334605,30.68759,-87.15623,5
6120,"Peoria-Pekin, IL MSA",70.26,48.54,46.26,22.69989,111.8661,15.14124,4.359886,0,0,128,128,3.628058,3.568374,878.667,6380,5.270092,6.768469,19.31826,1.54103,.9049379,-.8208106,.1455049,40.68763,-89.5088,3
6162,"Philadelphia-Wilmington-Atlantic City, PA-NJ-DE-MD CMSA",58.33,42.51,43.03,23.48865,256.0914,13.09921,5.901612,37.75427,39.76213,301,301,2.98788,2.914637,951.292,5068.63,7.532683,10.98874,26.69316,1.331482,1.445307,3.869987,.0677495,39.78471,-75.2009,2
6200,"Phoenix-Mesa, AZ MSA",33.35,27.54,34.94,21.81866,0,59.71968,24.22435,.7253674,.3246853,2118,2134,14.65015,13.02442,3288.96,1697.69,8.435485,5.036102,35.65862,1.795375,.2410634,116.1868,.2044958,33.18571,-112.0705,8
6240,"Pine Bluff, AR MSA",55.46,39.26,40.25,23.42792,0,7.299447,5.142659,0,0,77,77,1.123735,1.091062,2050,3016,2.55262,3.705246,45.8,1.148496,.7075108,.1851657,.7573538,34.26877,-91.9315,7
6280,"Pittsburgh, PA MSA",79.21,57.70,56.71,21.97835,263.3317,5.893475,4.671643,100,100,701,709,16.64609,16.6183,573.556,6132.33,9.917871,12.20189,30.61388,1.255285,1.200506,-10.76967,.0269646,40.38574,-79.88323,2
6323,"Pittsfield, MA NECMA",73.97,59.88,59.06,21.75499,0,5.767977,2.511141,42.57844,42.1062,854,854,21.93213,21.62062,269,7252.5,5.627345,6.546906,28.9,1.532777,1.048743,-6.726818,.5625372,42.3707,-73.20638,1
6340,"Pocatello, ID MSA",70.90,47.98,47.46,21.86985,0,13.7647,5.10096,.4848088,18.13539,1006,1477,23.43592,30.79757,325.25,7516.88,5.22466,2.573408,33.2,1.628353,.2259864,26.48659,.5548981,42.6685,-112.2247,8
6403,"Portland, ME NECMA",72.43,59.64,60.00,23.90199,0,9.187785,3.535302,0,0,559,559,7.159014,6.885051,262.333,7618.33,2.943455,3.697183,17.8,1.386811,1.345087,26.28553,.4971429,43.84736,-70.39886,1
6442,"Portland-Salem, OR-WA CMSA",68.97,44.90,43.38,22.29811,0,22.28816,9.008555,58.30656,60.896,1705,3343,19.88921,26.80059,212.5,5209.92,3.525664,4.655034,28.17571,1.74175,.6809757,41.79694,.1268623,45.30708,-122.7298,9
6483,"Providence-Warwick-Pawtucket, RI NECMA",66.73,40.64,37.75,24.51403,167.9285,8.825658,3.921418,0,0,244,244,5.655513,5.38353,470.333,5894.33,4.166667,10.51327,27.63498,1.457357,1.146853,7.25565,.2096271,41.68983,-71.58765,1
6520,"Provo-Orem, UT MSA",59.74,38.96,38.12,21.37888,0,27.87362,9.010228,22.67838,19.94538,2245,2245,43.26746,41.94879,626.889,6532.11,7.862191,8.563738,46.1,1.226629,.4995105,91.31779,.114498,40.11954,-111.6706,8
6560,"Pueblo, CO MSA",62.91,36.83,36.67,21.42118,0,16.20855,13.23205,0,0,508,2367,4.083128,6.78452,670.667,6284,1.166089,1.440557,39.6,1.784536,.3211206,4.070603,.9782635,38.17342,-104.5128,8
6580,"Punta Gorda, FL MSA",44.38,42.01,46.89,23.40175,0,61.34385,81.78804,0,0,18,21,.460254,.4593652,3610,477,.0643915,.0444642,44.6,1.959432,.8025334,302.6815,1,26.90567,-81.91152,5
6640,"Raleigh-Durham-Chapel Hill, NC MSA",69.79,57.95,55.72,23.64045,0,18.10701,5.125801,83.42085,83.66234,231,231,3.221808,3.2234,1364.78,3589.33,2.555556,4.58146,50.66547,1.29993,.9340213,59.33361,.173323,35.80413,-78.72867,5
6660,"Rapid City, SD MSA",67.56,56.95,59.12,23.49552,0,38.46896,25.20902,32.65359,16.37896,1288,1595,15.99689,9.936316,537,7484.8,4.241338,1.179661,23.2,2.072486,.2524655,37.05875,.4572599,44.00375,-102.8238,4
6680,"Reading, PA MSA",72.27,49.13,49.14,22.51498,0,8.157634,3.81012,100,100,427,427,11.49918,11.44538,678,6072,2.065559,3.886463,30.9,1.474449,.9924714,13.54367,.1367252,40.41638,-75.92605,2
6690,"Redding, CA MSA",73.03,59.35,58.96,22.63189,0,46.26714,35.66709,7.309315,22.81744,1950,3047,37.03059,36.85808,1005.86,4548.29,1.718607,1.022213,29,2.511592,.2275402,89.38176,.7531435,40.76378,-122.0405,9
6720,"Reno, NV MSA",53.61,42.76,45.27,22.58627,0,46.33653,16.12623,.1979742,1.174016,2086,2086,24.94736,22.95645,649.333,5491,.8858831,.8610228,22.5,2.477046,.250057,110.274,.6704653,40.66388,-119.6637,8
6740,"Richland-Kennewick-Pasco, WA MSA",64.60,42.52,35.60,19.49952,0,60.75681,96.98368,12.09844,17.78473,1006,1006,8.063581,8.333084,700.167,5289,2.393755,2.576933,46.81807,1.628176,.4835892,60.71061,.27307,46.36353,-119.2543,9
6760,"Richmond-Petersburg, VA MSA",66.36,46.31,46.49,24.13114,191.8114,13.85252,5.464211,40.39417,50.06844,122,152,1.151137,1.46989,1280.2,3967.4,1.793496,3.476738,35.02362,.8482103,1.037798,-15.60405,.3850732,37.43996,-77.50686,5
6800,"Roanoke, VA MSA",76.98,50.77,49.94,23.90711,0,21.2494,10.21059,100,100,913,978,29.15183,28.06544,1050.5,4282.5,4.494382,7.216495,34.46556,.9863298,1.106618,-22.31286,.5453107,37.45416,-79.89869,5
6820,"Rochester, MN MSA",68.23,46.22,45.37,23.05146,0,24.82997,7.683227,73.26825,70.15634,140,172,7.129277,7.436795,472,8250,3.043171,4.067403,26.3,1.189004,1.217957,26.59327,.5253061,44.00363,-92.40177,4
6840,"Rochester, NY MSA",68.64,48.80,48.11,21.42834,0,13.03646,6.058805,13.38045,13.13121,601,601,5.42628,5.39107,439.778,6783.56,2.307,3.550296,45.16566,1.313419,1.101686,4.139426,.0947291,43.00677,-77.64904,2
6880,"Rockford, IL MSA",68.03,40.82,38.95,20.56866,0,19.16918,9.245796,90.98524,91.25243,121,121,4.086331,4.068579,702,6969,2.808425,5.021834,21.37752,1.454291,1.137576,4.682311,.2903452,42.191,-89.1777,3
6895,"Rocky Mount, NC MSA",75.49,66.59,67.63,23.15434,0,7.583071,10.39579,28.8792,34.49491,94,95,1.583833,1.692299,1436.67,3452.33,3.270842,4.153124,60.3279,1.07659,.8708249,19.53294,.2375047,35.94095,-77.79861,5
6922,"Sacramento-Yolo, CA CMSA",54.42,34.93,30.72,23.44669,0,45.98942,19.41674,0,0,3289,3289,18.72824,25.34761,1108.79,3777,3.61204,3.645053,37.54073,1.80241,.5571814,75.3977,.2804792,38.78034,-120.9973,9
6960,"Saginaw-Bay City-Midland, MI MSA",75.02,44.44,38.08,20.96966,0,16.58959,5.442003,85.96332,85.76085,82,82,1.075205,1.086239,567,6943.2,2.1586,3.991727,37.83678,1.204937,.7837429,-.3819374,.2197374,43.52057,-84.13641,3
6980,"St. Cloud, MN MSA",54.66,43.84,46.55,22.96821,0,10.84847,5.044903,40.58007,39.07778,144,144,2.814783,2.778011,555.5,8523,2.55626,3.18258,42.64269,1.410862,.9392513,28.16132,.0902874,45.58589,-94.47208,4
7000,"St. Joseph, MO MSA",56.19,35.42,35.89,23.4952,82.87396,-1.641822,3.818269,0,0,131,131,5.014596,5.034185,1254,5590,4.117369,6.194296,28.06974,1.548144,1.002979,-1.126199,.6790021,39.82623,-94.8041,4
7040,"St. Louis, MO-IL MSA",63.99,43.44,40.62,22.40662,210.9557,14.16302,4.803602,39.9765,40.27531,201,201,5.288979,5.266932,1258.31,5083.15,4.946185,7.761583,22.38194,1.255654,.7452917,1.637853,.0218017,38.63717,-90.44682,4
7120,"Salinas, CA MSA",80.10,55.82,52.17,23.65376,0,56.9369,24.95616,0,0,1231,1779,24.65151,31.68963,316.25,3223,2.180068,1.459046,35.8,1.791491,.20334,42.22361,.1787872,36.21704,-121.2388,9
7160,"Salt Lake City-Ogden, UT MSA",52.97,31.90,32.88,22.17307,0,26.72165,12.18027,8.052597,6.14785,2210,2210,34.29519,28.27207,723.5,6797.33,15.63479,16.58836,38.9,1.729891,.5898972,56.79088,.073495,40.955,-111.9771,8
7200,"San Angelo, TX MSA",54.70,34.64,33.08,22.61235,0,43.10354,49.43952,43.78792,51.13528,264,287,3.426121,3.423171,2258.67,2594.67,1.737135,2.873281,41.1,1.632722,.4682354,38.5815,1,31.40434,-100.462,7
7240,"San Antonio, TX MSA",49.02,32.77,29.58,22.36841,98.80961,29.12654,11.15758,26.93234,24.75,475,475,5.357146,5.189347,2866.75,1715.25,6.416314,10.84405,44.83295,1.52571,.8917629,46.99508,.5181853,29.47326,-98.25238,7
7320,"San Diego, CA MSA",58.46,45.63,45.40,22.76911,0,66.83784,26.40582,0,0,1843,1945,25.67929,29.66672,1142.08,2410.83,17.69766,10.79754,40.09999,1.709406,.3894037,83.97769,.4327328,33.03413,-116.7351,9
7362,"San Francisco-Oakland-San Jose, CA CMSA",53.15,30.48,29.81,22.84784,312.5635,32.26018,14.24142,0,0,1343,1343,28.79296,28.29482,510.765,2998,7.190801,10.7311,33.34512,1.617428,.6449719,31.59355,.0221303,37.93651,-122.219,9
7460,"San Luis Obispo-Atascadero-Paso Robles, CA MSA",77.36,61.26,58.54,23.70042,0,38.04371,16.67105,0,0,1233,1524,22.03099,22.87518,425.5,2851,2.997092,1.662856,35.9,2.299177,.412049,105.4707,.2390625,35.38705,-120.4042,9
7480,"Santa Barbara-Santa Maria-Lompoc, CA MSA",66.59,50.96,51.43,22.81808,0,46.90224,21.95425,0,0,1973,2071,34.35623,40.17657,384.5,2564,2.053857,1.283922,37.6,2.099696,.3816812,39.83142,.3149679,34.67365,-120.017,9
7490,"Santa Fe, NM MSA",39.89,43.86,51.03,23.97263,0,64.17251,72.83287,0,0,2071,2138,21.6638,17.2747,304,6283.5,1.728553,1.54542,70.64807,2.015837,.4396203,69.7407,.9295062,35.52654,-105.9941,8
7510,"Sarasota-Bradenton, FL MSA",55.47,40.50,33.39,23.0794,0,67.37753,37.62982,0,0,48,51,.6453232,.7346742,3283.25,641.75,1.770912,2.655722,25.00891,1.848038,.9975187,125.0207,.2239669,27.34787,-82.32248,5
7520,"Savannah, GA MSA",72.33,54.98,53.73,23.22361,0,12.70859,9.345755,0,0,49,49,.5914704,.8316312,2365,1847,6.005896,6.174626,38.62067,1.225679,.6549932,24.03868,.34021,32.13068,-81.30174,5
7560,"Scranton--Wilkes-Barre--Hazleton, PA MSA",52.65,43.23,46.80,24.91094,0,-2.22597,7.861072,69.3749,69.8476,577,602,19.51539,19.34874,383,7010,7.571802,9.103147,38.50469,1.298793,1.152591,-1.865651,.0380995,41.26403,-76.00551,2
7602,"Seattle-Tacoma-Bremerton, WA CMSA",70.11,46.97,45.03,22.5262,0,25.73187,11.46534,0,2.085865,1762,4367,20.51129,47.00959,108.35,5510.75,5.036098,5.240642,40.70445,1.502551,.5296394,45.7091,.0704834,47.51107,-122.0319,9
7610,"Sharon, PA MSA",87.54,64.65,50.73,21.27341,0,6.412118,5.322064,99.84943,99.85703,237,237,7.434233,7.46599,456,6634.5,2.574605,3.777778,37.6,1.399668,1.624905,-4.851659,.0865052,41.30219,-80.25771,2
7620,"Sheboygan, WI MSA",73.38,40.16,35.03,22.033,0,10.14158,4.826174,0,0,189,189,3.550478,3.533783,485.5,7282,4.831625,6.387509,45.8,1.81047,1.395385,7.466377,.1720988,43.7212,-87.94527,3
7640,"Sherman-Denison, TX MSA",66.89,45.05,45.75,22.64075,0,2.66397,8.134821,.6921359,.7070265,124,124,3.795889,3.762268,2166,2933,5.898877,7.368421,36.2,1.249624,.9879001,14.17363,.2558439,33.6268,-96.67767,7
7680,"Shreveport-Bossier City, LA MSA",59.46,36.59,35.47,22.13074,0,21.30725,12.02277,0,0,101,101,2.350032,2.415589,2131.25,2577.5,6.948201,8.000663,53.97454,1.171269,.9204155,12.73238,.2638058,32.64948,-93.64359,7
7720,"Sioux City, IA-NE MSA",66.07,36.99,34.92,23.12128,0,3.186488,4.843627,74.366,81.60116,139,140,6.677562,7.436527,907,6893,7.0625,5.798067,22.30441,1.927893,.5754443,-1.007841,.6718853,42.39004,-96.16622,4
7760,"Sioux Falls, SD MSA",52.00,34.78,36.03,23.70882,0,13.74461,4.270327,.0546857,.0527715,190,190,2.994396,3.010589,776,7591,2.30726,3.745928,13.40372,2.019258,1.044178,30.1636,.6060702,43.51048,-96.76257,4
7800,"South Bend, IN MSA",72.05,42.39,39.90,21.4553,0,20.36198,19.66056,0,0,70,70,1.615124,1.648243,728,6331,5.630027,11.27572,32.2,1.509927,1.187083,.8190333,.5168629,41.61667,-86.28988,3
7840,"Spokane, WA MSA",72.19,41.85,36.15,23.00616,0,15.87975,12.10121,47.25631,50.67317,1319,1319,14.27914,13.48165,398,6842,1.81958,3.572188,44.9,1.485285,.5627986,25.69751,.6622732,47.62063,-117.404,9
7880,"Springfield, IL MSA",67.75,44.69,41.30,24.33804,99.97772,8.859751,1.902778,0,0,73,73,1.86978,1.827611,1141,5688,3.746992,4.930025,26.42432,1.701555,.9310722,10.83499,.3727367,39.82962,-89.69691,3
7920,"Springfield, MO MSA",64.59,42.80,37.41,22.80443,0,12.88635,4.52655,100,100,257,260,7.292539,7.900527,1264,4730.33,3.837902,5.279503,32.10453,1.579392,.6741573,43.96754,.4148097,37.17705,-93.1441,4
8003,"Springfield, MA NECMA",62.57,44.16,45.02,22.31309,0,9.689905,5.890999,25.88604,29.69754,622,622,13.53837,13.08306,430.333,6926.83,9.806115,12.93628,32.06401,1.37557,1.103462,3.404107,.2168783,42.23002,-72.64655,1
8050,"State College, PA MSA",72.68,62.56,63.57,21.11329,0,17.79321,8.067862,100,100,616,616,20.88,21.32408,407,6756,.8530806,1.006595,35.2,1.208861,.8961153,24.70005,.1866825,40.91904,-77.81956,2
8080,"Steubenville-Weirton, OH-WV MSA",80.27,65.72,65.85,19.77612,0,8.086031,8.813486,100,100,212,212,20.80688,20.71049,711,5676.67,6.005222,7.530313,32.36708,1.527529,.8066474,-13.94942,.2191899,40.38801,-80.70425,3
8120,"Stockton-Lodi, CA MSA",46.59,32.53,34.46,22.46348,0,29.88004,11.03081,0,0,916,1099,3.40582,3.698431,1183.5,2776.75,2.983802,5.030773,38.9,1.695336,1.073624,65.61501,.4350385,37.93454,-121.272,9
8140,"Sumter, SC MSA",76.50,55.45,48.75,22.08308,0,13.36242,8.83686,0,0,101,101,1.665917,1.612371,1888,2609,.6138735,1.695873,63.8,.6547057,.886628,29.22506,.7088889,33.9162,-80.38229,5
8160,"Syracuse, NY MSA",66.75,46.26,46.26,22.92466,115.0022,11.49463,5.803008,38.01371,38.84139,570,570,8.054301,7.83847,407.8,6997.8,2.890696,3.937654,49.74747,1.49311,1.159705,3.954221,.0818275,43.10063,-76.15223,2
8240,"Tallahassee, FL MSA",54.85,43.20,44.32,23.74636,0,28.08898,7.431736,3.111842,3.031474,106,106,4.311348,4.343628,2438.5,1696,1.689512,3.634124,42.54027,1.138992,1.532502,64.23846,.4271761,30.51025,-84.42219,5
8280,"Tampa-St. Petersburg-Clearwater, FL MSA",46.89,36.01,34.84,23.24674,0,55.31108,24.04606,41.27412,40.40598,91,91,1.38692,1.343943,3344.67,693.5,3.086334,7.526518,25.88908,1.603722,1.299031,87.052,.1783568,28.1525,-82.40601,5
8320,"Terre Haute, IN MSA",79.55,52.22,49.16,21.76417,0,-.2134231,3.007321,0,0,99,102,3.106057,3.070133,957,5794,2.63789,3.782593,34.29949,1.404151,1.068711,-4.939647,.4838345,39.52473,-87.31284,3
8360,"Texarkana, TX-Texarkana, AR MSA",65.41,56.01,57.99,22.76417,0,10.18174,9.51996,0,0,95,96,2.177799,2.112062,2380,2295,3.538813,3.228939,52.8608,1.314255,.8287486,18.70986,.2206456,33.39154,-94.20689,7
8400,"Toledo, OH MSA",60.42,38.55,37.63,21.35243,0,12.30322,7.743079,0,0,86,86,1.010241,1.044486,730,6404.2,8.362268,11.63996,26.8016,1.637122,1.363951,1.147138,.2145831,41.49874,-83.78163,3
8440,"Topeka, KS MSA",63.65,38.49,34.19,26.2284,0,17.95624,9.734233,0,0,127,140,4.144492,4.069798,1304,5265,5.054945,9.484536,26.9,1.364906,1.284606,3.64018,.9292166,39.04153,-95.75633,4
8520,"Tucson, AZ MSA",56.97,35.34,33.33,21.40902,0,61.14834,26.63304,.0036708,.2338246,2395,2548,17.20056,13.19951,2614,2020.1,2.125755,1.247684,34.3,1.760188,.0834616,89.63394,.7662756,32.0974,-111.7899,8
8560,"Tulsa, OK MSA",57.06,34.60,35.67,22.65188,0,17.17553,13.59271,25.51847,24.71134,223,275,5.277603,5.201046,1805.67,3860.56,4.77738,6.525274,27.7543,1.537345,.8450279,34.39045,.2802618,36.32417,-96.132,7
8600,"Tuscaloosa, AL MSA",69.69,55.60,55.83,23.05622,0,16.81528,5.787768,31.81361,49.43431,191,192,6.714077,8.03548,1918.33,2832.33,6.489841,4.110738,40.4,1.042843,.4560274,29.72791,.6805961,33.28955,-87.525,6
8640,"Tyler, TX MSA",53.66,38.69,40.30,23.77263,0,15.96055,7.46041,0,0,113,113,3.92968,3.907622,2266,2399.5,3.655031,5.584363,37.7,1.421274,1.162062,55.83443,.4333673,32.37499,-95.26926,7
8680,"Utica-Rome, NY MSA",74.85,49.96,49.28,22.60949,0,6.712865,5.516429,33.55775,29.88675,634,713,9.864652,9.758027,281.444,8025.78,5.064028,4.677711,54.3358,1.438342,.6888958,-7.055802,.3761692,43.33742,-75.18137,2
8750,"Victoria, TX MSA",55.24,40.92,41.09,22.66816,0,24.83767,13.93759,0,0,94,94,1.080347,1.107967,3118,1296,1.355774,2.210884,28.6,1.618123,.7799443,38.30488,1,28.79638,-96.97155,7
8780,"Visalia-Tulare-Porterville, CA MSA",76.40,52.90,48.26,21.49345,0,26.7009,12.07274,0,0,2522,4336,13.23502,40.79655,1434.75,3465.25,1.716418,1.112765,43.8,1.444335,.368962,65.63174,.2408252,36.22014,-118.8005,9
8800,"Waco, TX MSA",71.02,58.14,58.11,23.44143,0,12.72535,10.67478,0,0,185,185,3.329168,3.322957,2681.5,2263,15.14599,16.03572,36.7,1.592648,.9357866,28.17293,.2561942,31.55239,-97.20178,7
8872,"Washington-Baltimore, DC-MD-VA-WV CMSA",62.24,49.81,50.68,23.86726,209.529,27.25429,8.179749,72.64535,71.8295,1035,1035,7.553708,7.462346,1017.81,4852.46,1.812129,3.568725,36.85537,1.013168,1.068771,8.236152,.082665,39.0249,-77.23283,5
8920,"Waterloo-Cedar Falls, IA MSA",59.56,31.01,31.53,21.74948,0,18.78987,6.07084,98.90235,98.95174,83,83,2.551268,2.565612,702,7406,15.20833,18.83289,22.1,1.617563,.9912238,-6.859972,.3893821,42.4701,-92.30853,4
8940,"Wausau, WI MSA",73.27,46.71,45.62,21.4195,0,8.364368,1.675183,.1363485,.1033865,219,231,4.307293,4.100634,387,8413,1.677746,2.309358,51,1.610967,.6810688,18.4112,.1447483,44.8983,-89.75899,3
8960,"West Palm Beach-Boca Raton, FL MSA",40.71,33.43,32.50,23.085,0,100.2394,78.06206,18.3286,15.60856,7,7,.1421658,.1151395,3476.5,380.25,5.942623,6.858443,24.5,1.73762,.7514147,147.6016,.0823319,26.64723,-80.46523,5
9000,"Wheeling, WV-OH MSA",81.27,62.12,60.86,22.0759,0,-.6179153,5.29171,100,100,232,232,18.47973,18.61635,677.667,5880.33,2.925422,4.148558,32.46803,1.444897,1.107219,-12.81306,.1448526,39.97475,-80.84135,3
9040,"Wichita, KS MSA",59.44,36.08,32.23,22.00009,0,23.05883,19.01662,0,0,137,157,1.438087,1.665637,1519,4857.75,3.090214,4.717936,32.49313,1.701921,.8339851,16.48679,.4604288,37.7962,-97.1548,4
9080,"Wichita Falls, TX MSA",56.51,30.22,31.45,22.914,0,10.87578,13.41371,0,0,136,136,2.151458,2.17738,2425.5,2831,3.967238,5.585236,26.85235,1.42493,.9165062,3.189468,.4071077,33.76709,-98.69409,7
9140,"Williamsport, PA MSA",58.92,51.20,53.91,22.36949,0,6.478228,4.190996,71.37737,51.4882,495,587,29.1716,30.17914,622,6087,2.192243,1.763454,37.1,1.624064,.418798,4.778633,.2413793,41.34328,-77.06447,2
9200,"Wilmington, NC MSA",74.86,66.91,67.09,21.96096,0,14.29239,7.098685,22.52721,20.11341,21,21,1.068012,.9950033,1797.67,2619.33,5.659656,5.488402,55.15147,1.883994,1.035071,59.73755,.2670777,34.10263,-78.16779,5
9260,"Yakima, WA MSA",81.82,58.12,45.97,23.25198,0,18.66152,13.58284,44.73478,57.89534,1164,3616,14.59567,30.79739,568.75,5754.25,1.404798,.7728111,52.3,1.614116,.312292,30.24881,.2164256,46.45686,-120.7388,9
9280,"York, PA MSA",73.06,52.65,51.91,22.00027,0,13.59627,3.762057,100,100,411,411,12.14871,11.97509,911,5320.67,2.659803,3.696013,36.2,1.331607,.836886,24.56723,.0587047,39.91992,-76.72652,2
9320,"Youngstown-Warren, OH MSA",69.02,45.17,44.11,20.7772,0,13.0899,8.628091,96.54721,96.76318,211,211,5.500264,5.475767,529.4,6315.6,4.975759,8.94812,25.82279,1.426325,1.53605,-6.73865,.1056756,41.05342,-80.77008,3
9340,"Yuba City, CA MSA",60.75,47.71,50.30,22.08957,0,33.54973,5.576788,0,0,972,1460,7.06912,10.73761,980.5,3965.5,.728807,.7843138,42.32234,1.63838,.6194731,41.50408,.352071,39.15529,-121.518,9
9360,"Yuma, AZ MSA",65.01,49.28,48.11,22.57105,0,33.91656,19.76021,0,0,829,1441,8.507959,9.868246,3850.8,1138.8,1.42919,.3881512,40.7,4.030332,.1091949,219.1277,.745768,32.76941,-113.9056,8
